index,fold,y_true,y_pred,y_prob_high
0,0,1,1,0.9819982312022475
1,9,0,0,1.5417772803083586e-05
2,3,0,0,0.06890377386039684
3,1,0,0,0.0004321852260554627
4,4,0,0,9.097345151044422e-05
5,4,0,0,0.0013539635718095803
6,0,1,1,0.9156583102761108
7,2,0,0,1.793435964826126e-05
8,8,0,0,4.219582836684505e-05
9,0,1,1,0.9959643597285174
10,7,0,0,0.36538352708869704
11,9,1,1,0.9808757514137939
12,4,0,0,7.238144672512087e-05
13,8,0,0,0.00011253960467676118
14,5,0,0,0.10477326862056864
15,4,0,0,0.13712773871490652
16,2,0,0,3.811183166229063e-05
17,3,0,0,2.7533379194648922e-05
18,1,0,0,0.0846384125295341
19,5,1,1,0.9995550654771408
20,3,0,0,0.32351804603002093
21,9,0,0,0.06475643492576856
22,6,0,0,0.04221362857815044
23,3,0,0,0.0004618503003037293
24,9,0,0,6.945472877326774e-05
25,1,0,0,0.001255307692596674
26,1,0,0,0.0008617639189829225
27,1,0,0,0.004643754049612964
28,7,0,0,0.1020812692818008
29,4,1,1,0.9973624918664518
30,1,0,0,0.0010487541176062635
31,8,0,0,0.0010916130839212159
32,6,0,0,3.6284462455238566e-05
33,6,0,0,0.00792247027510157
34,4,0,0,0.0031591422823032227
35,2,0,0,0.23418154360409899
36,7,0,0,0.13033111115541784
37,6,0,0,0.04943024001111455
38,9,1,1,0.9974874107456781
39,5,1,1,0.9999285664128387
40,0,0,0,6.141277947429273e-05
41,4,0,0,0.0025772172722291226
42,1,0,0,0.006644551899095223
43,2,0,0,0.0009169200396334992
44,1,0,0,6.602632686773727e-05
45,5,0,0,0.15698929115801707
46,2,0,0,0.314063062537137
47,3,0,0,0.3554108827690302
48,6,0,0,0.03694808820198926
49,4,0,0,0.058561708119378664
50,1,1,1,0.9857383162797191
51,3,0,0,8.881730872505546e-05
52,9,1,1,0.9889767097385576
53,4,1,1,0.9999808997759778
54,8,1,1,0.9999205559837844
55,9,1,1,0.999476008334482
56,8,1,1,0.9982594239594951
57,4,1,1,0.999500192204995
58,1,1,1,0.9689978026195399
59,9,0,0,5.3653141751093566e-05
60,2,0,0,0.01256279292915069
61,6,0,0,0.0008694618582056791
62,2,0,0,2.1557141605776733e-05
63,0,0,0,3.2205012145410824e-05
64,4,0,0,0.023074428852968048
65,9,1,1,0.9491058662258174
66,2,1,1,0.9890985785984905
67,5,1,1,0.9998976217761513
68,0,1,1,0.9866845899682206
69,1,1,1,0.9999347705439217
70,9,0,0,0.0470824898416918
71,1,0,0,0.30991914618370064
72,9,0,0,0.014698533623944196
73,7,0,0,0.0021373534101784527
74,1,0,0,0.0012712285377518954
75,3,0,0,0.00010661352700921421
76,4,0,0,0.0005042512607100824
77,6,0,0,0.007674879073518571
78,3,1,1,0.9726439032493858
79,9,1,1,0.9999786470411494
80,2,1,1,0.9999808704761104
81,1,1,1,0.9825976769949376
82,6,0,0,0.011409292112111294
83,0,0,0,1.9237381231560015e-05
84,0,0,0,0.01830798520584924
85,0,0,0,0.02918032332187962
86,7,0,0,0.0004859503274380112
87,1,1,1,0.999965511491401
88,6,0,0,0.00013962369486996695
89,2,0,0,6.590852233464909e-05
90,2,0,0,0.0014599159769479821
91,9,0,0,0.0013589690050649947
92,8,0,0,0.006944468856869397
93,1,1,1,0.9998609905812937
94,1,1,1,0.9975909784238806
95,4,1,1,0.9856621879013285
96,6,0,0,0.03865463272561513
97,1,1,1,0.9999683174001657
98,1,1,1,0.9987423195202456
99,0,1,1,0.9999826427784464
100,9,1,1,0.9999647202806099
101,3,1,1,0.9998768376309247
102,8,1,1,0.9953529204517431
103,9,1,1,0.9987324945108282
104,4,1,1,0.9342466787120876
105,9,1,1,0.9989573683691532
106,3,1,1,0.9989662314623888
107,3,1,1,0.9979927307070705
108,8,1,1,0.879506082324041
109,7,1,1,0.9917786633551782
110,8,1,1,0.9978887839829189
111,8,1,1,0.9944313441679833
112,6,1,1,0.987000460796928
113,1,1,1,0.9952714483348075
114,2,1,1,0.9942830494489596
115,9,1,1,0.9999672076974342
116,1,1,1,0.9999515045775587
117,8,1,1,0.9361354759765869
118,8,1,1,0.9075049845253318
119,9,1,1,0.9999507335458648
120,1,1,1,0.9990312411652568
121,9,1,1,0.9492819887739532
122,9,1,1,0.9995027301931956
123,6,1,1,0.9869320981223739
124,8,1,1,0.998707141464077
125,6,1,1,0.9487469212390822
126,0,1,1,0.9990326893920012
127,8,1,1,0.9975531445269669
128,6,1,1,0.9707773918392506
129,4,1,1,0.9952958912124636
130,7,1,1,0.9967286598060096
131,0,1,1,0.9913740055848159
132,8,1,1,0.9977847924015666
133,0,1,1,0.9999808009622727
134,2,1,1,0.9878521187100052
135,8,1,1,0.9999500863084247
136,0,1,1,0.9965949414056599
137,6,1,1,0.9953061806067923
138,6,1,1,0.9792446223214805
139,1,1,1,0.9820276386460713
140,5,1,1,0.842285014415269
141,6,1,1,0.9757919457924297
142,8,1,1,0.9002703721197316
143,1,1,1,0.9949142388980968
144,9,1,1,0.992867387941765
145,8,1,1,0.9999672093544849
146,0,1,1,0.9999236532533636
147,4,1,1,0.9974828414484372
148,4,1,1,0.9999094716670129
149,2,1,1,0.9985813585836494
150,0,1,1,0.9975112775392322
151,3,1,1,0.9998590215427651
152,9,1,1,0.9924820617141121
153,2,1,1,0.9991063052186462
154,9,1,1,0.9923327329192622
155,5,1,1,0.9979638873800019
156,7,1,1,0.9998642608550117
157,0,1,1,0.994846900174772
158,6,1,1,0.9998555154528548
159,0,1,1,0.9995278752880493
160,2,1,1,0.9999677922041783
161,9,1,1,0.9360587139638179
162,2,1,1,0.982182694154148
163,2,1,1,0.9572237870300508
164,1,1,1,0.998760199076713
165,9,1,1,0.9999754971666663
166,6,1,1,0.9517889429153916
167,0,1,1,0.8633072264040944
168,0,1,1,0.9999652197684548
169,1,1,1,0.9966725293340568
170,3,1,1,0.9972305725392868
171,1,1,1,0.8865238167745257
172,0,1,1,0.999974945756402
173,1,1,1,0.9307730552678368
174,6,1,1,0.999431888440536
175,3,1,1,0.9994045049358917
176,4,1,1,0.9950978011317876
177,5,1,1,0.9999707221244176
178,2,1,1,0.9995637049336468
179,7,1,1,0.9993050057648633
180,9,1,1,0.9986928317769627
181,3,1,1,0.9999300246931899
182,8,1,1,0.9955369714380191
183,5,1,1,0.9825843489894058
184,7,1,1,0.9732243368413339
185,2,1,1,0.9998535905916259
186,9,1,1,0.9804981751773869
187,0,1,1,0.999968256728569
188,2,1,1,0.9987386682173074
189,0,1,1,0.9991097239348244
190,7,1,1,0.9869137458275288
191,6,1,1,0.9879546152941409
192,8,1,1,0.9987403312720412
193,7,1,1,0.9998317273648963
194,0,1,1,0.9958447485149351
195,2,0,0,6.419850707256758e-05
196,5,0,0,0.00016945209300961352
197,2,0,0,4.5919111632656805e-05
198,7,0,0,3.6795873070528135e-05
199,2,0,0,0.00013474888863876041
200,0,0,0,3.908699545603299e-05
201,5,0,0,0.00017311150025450716
202,7,0,0,0.00039732804609502587
203,2,0,0,4.384926375634227e-05
204,0,0,0,2.0479411267362205e-05
205,4,0,0,2.5540610035608003e-05
206,8,0,0,6.176150309355399e-05
207,6,0,0,0.00010737983919463861
208,4,0,0,3.105757306289555e-05
209,3,0,0,2.2984093628635646e-05
210,1,0,0,3.838232857414027e-05
211,2,0,0,2.529767597642406e-05
212,3,0,0,0.0008671523740577513
213,9,0,0,0.048924787848560046
214,2,0,0,0.0002115138971825769
215,6,0,0,0.00018883188517511906
216,4,0,0,0.01333648233373538
217,1,0,0,0.00046512473457423843
218,4,0,0,4.461934901450541e-05
219,9,0,0,0.0009208037291002216
220,3,0,0,4.450144574565133e-05
221,4,0,0,3.136717189793634e-05
222,4,0,0,0.0008397916101856244
223,5,0,0,0.0005818199737523035
224,1,0,0,0.007432232012770669
225,5,0,0,0.001861617304330556
226,5,0,0,2.7938010152011064e-05
227,5,0,0,0.0017275200748499814
228,1,0,0,2.7806997765587024e-05
229,8,0,0,3.395206331513108e-05
230,9,0,0,6.575535592991011e-05
231,0,0,0,3.51375636357537e-05
232,4,0,0,2.9590433649373602e-05
233,1,0,0,3.529776004544255e-05
234,5,0,0,2.858094991771763e-05
235,3,0,0,0.0011475235666899978
236,8,0,0,6.93904461479525e-05
237,0,0,0,0.00048065677581229753
238,9,0,0,0.00043922712560629207
239,3,0,0,0.0020574516864968447
240,3,0,0,4.450144574565133e-05
241,1,0,0,0.00509389859962652
242,9,0,0,6.022769178247844e-05
243,7,0,0,4.245716484900282e-05
244,7,0,0,0.00045420471223896674
245,3,0,0,0.0016674750837175386
246,3,0,0,0.006172636835634528
247,8,0,0,0.0006854733097345647
248,2,0,0,0.0018050252077730067
249,8,0,0,0.01699440372487517
250,5,0,0,0.07203419754300369
251,5,0,0,0.001471490777412465
252,9,0,0,0.0008763884159152735
253,6,0,0,3.911990947166529e-05
254,4,0,0,6.535064338594729e-05
255,6,0,0,8.10666117778335e-05
256,0,0,0,9.952771613494876e-05
257,5,0,0,8.826863489931315e-05
258,4,0,0,5.229243349743921e-05
259,1,0,0,0.00023523699614590022
260,0,0,0,0.001354601974423985
261,8,0,0,0.0006927256717134853
262,2,0,0,0.00020510768619732105
263,6,0,0,0.0001626924013407104
264,6,0,0,5.093682393461469e-05
265,9,0,0,6.487668073974038e-05
266,3,0,0,1.9902617528952954e-05
267,1,0,1,0.8803692787449086
268,7,0,0,0.0013787494681159467
269,5,0,0,0.004084841353277817
270,9,0,0,0.00013970783136299836
271,4,0,0,0.001720977979499277
272,0,0,0,0.05558357878887921
273,8,0,0,0.00010225476090849233
274,6,0,0,0.007505312854933886
275,2,0,0,1.5935312735058955e-05
276,7,0,1,0.838025466296988
277,8,0,0,0.00010568241170626474
278,0,0,0,0.00011914798422285972
279,4,0,0,5.401745865656304e-05
280,3,0,0,8.530361089654965e-05
281,6,0,0,4.363400227824065e-05
282,6,0,0,2.2292515936643478e-05
283,1,0,0,3.7323689882914747e-05
284,4,0,0,5.843718262649648e-05
285,7,0,0,6.058566154644643e-05
286,1,0,0,3.6393022341184745e-05
287,5,0,0,0.005548204994048552
288,8,0,0,0.04879599889912079
289,4,0,0,5.276357537677185e-05
290,9,0,0,0.0029109944003421887
291,9,0,0,0.005718208896809826
292,2,0,0,0.001332560128968183
293,8,0,1,0.7018150292777242
294,1,0,0,0.1171245642646109
295,9,0,0,9.755214590134078e-05
296,1,0,0,6.171844717421304e-05
297,9,0,0,0.0004714890845072996
298,8,0,0,0.009112728172081733
299,0,0,0,6.523628517967729e-05
300,3,0,0,4.087732955977464e-05
301,2,0,0,5.903649693413881e-05
302,6,0,0,0.0062423055653543225
303,4,0,0,0.0073037288544413855
304,5,0,0,0.00018329662907551979
305,1,0,0,2.610998107380353e-05
306,2,0,0,0.006743664406022748
307,0,0,0,0.0004990376269775942
308,9,0,0,8.493779099867235e-05
309,8,0,0,8.011072978399362e-05
310,2,0,0,0.004264991680556555
311,6,0,0,3.282003872556093e-05
312,8,0,0,4.58949335471537e-05
313,4,0,0,0.00018077578378336725
314,0,0,0,0.0006411162729272267
315,8,0,0,2.5921825494035254e-05
316,6,0,0,0.0005081601788584822
317,4,0,0,6.622949436529041e-05
318,6,0,0,0.00013529188660242394
319,3,0,0,0.006358191657003411
320,8,0,0,0.00022872876757419337
321,2,0,0,0.0005200649839037576
322,6,0,0,6.254513908654277e-05
323,2,0,0,0.01129946392662336
324,4,0,0,0.0004590181145091225
325,3,0,0,3.0108598194488996e-05
326,5,0,0,6.581919291881485e-05
327,7,0,0,9.316240350455644e-05
328,1,0,0,0.00016673945237152704
329,3,0,0,4.8493028376348944e-05
330,3,0,0,2.857796782133627e-05
331,8,0,0,3.304037747372263e-05
332,6,0,0,0.0026338362507340694
333,7,0,0,0.0001054102353016772
334,0,0,0,0.0033119845692228312
335,0,0,0,2.7972111569584547e-05
336,0,0,0,0.0016895682530489637
337,1,0,0,0.0004958475569107848
338,1,0,0,0.0006219249758561113
339,0,0,0,0.0024896144251443045
340,2,0,0,4.5579768459867346e-05
341,4,0,0,4.271567879220747e-05
342,8,0,0,0.0007062033035247302
343,9,0,0,0.004723800599120109
344,7,0,0,0.00047159595642391175
345,5,0,0,0.00015434464359763287
346,9,0,0,0.0008716365058125659
347,0,0,0,5.5274784677889484e-05
348,6,0,0,2.120072569307244e-05
349,7,0,0,0.00010267800386383901
350,7,0,0,0.0011283063106477188
351,0,0,0,3.876198865026049e-05
352,2,0,0,2.2390440158168344e-05
353,2,0,0,3.0314050116502353e-05
354,0,0,0,4.381995751541806e-05
355,7,0,0,0.0010456040800856802
356,5,0,0,0.001772212438838307
357,2,0,0,0.00043849701855002196
358,6,0,0,8.183273810997752e-05
359,0,0,0,8.167478290054335e-05
360,4,0,0,2.9042151364685835e-05
361,4,0,0,3.270761481287953e-05
362,6,0,0,0.00014623854045216943
363,0,0,0,0.0009869518753499872
364,4,0,0,7.475752366126573e-05
365,4,0,0,0.0013320146100353203
366,6,0,0,0.15344831473080395
367,1,0,0,0.0009874094156941474
368,2,0,0,0.00010817979040191308
369,8,0,0,0.0003107112312530453
370,7,0,0,0.00020704114022362407
371,5,0,0,1.857291157560435e-05
372,7,0,0,0.003596498827135122
373,8,0,0,0.0001057474622894427
374,4,0,0,7.535180019819283e-05
375,5,0,0,4.1483641372496836e-05
376,5,0,0,0.006138669096405066
377,5,0,0,0.12212121503512882
378,9,0,0,0.013504397525209447
379,6,0,0,0.009735978689150498
380,3,0,0,0.044013440713100906
381,7,0,0,0.008521806473576154
382,8,0,0,0.004414795832342856
383,6,0,0,0.030736393468898802
384,0,0,0,8.227125714437736e-05
385,0,0,0,6.35784242287937e-05
386,3,0,0,6.070614471588623e-05
387,6,0,0,2.5290486824587292e-05
388,0,0,0,6.805613032314899e-05
389,5,0,0,0.000884840366361533
390,8,0,0,8.018095924646097e-05
391,4,0,0,0.03364056982521686
392,9,0,0,0.00048056757144288823
393,3,0,0,0.003957577443863264
394,5,0,0,0.0019267616347213227
395,5,0,0,0.0009604292896880331
396,9,0,0,7.526610445038497e-05
397,6,0,0,9.76102867870228e-05
398,9,0,0,5.4415605597198894e-05
399,0,0,0,0.00010743590008567807
400,7,0,0,5.926623727710679e-05
401,3,0,0,6.454907974191904e-05
402,5,0,0,6.154402485857428e-05
403,3,0,0,0.0001016415955259055
404,9,0,0,0.00036835268931126726
405,0,0,0,2.8388949694026795e-05
406,0,0,0,4.395888457179576e-05
407,2,0,0,6.55626671891003e-05
408,4,0,0,2.995011506435353e-05
409,8,0,0,0.00012103892540530866
410,3,0,0,5.148303138916768e-05
411,8,0,0,9.166641723706433e-05
412,8,0,0,0.00011725155190499353
413,0,0,0,0.00014847039767771549
414,4,0,0,5.949634058211984e-05
415,9,0,0,0.003843562647297575
416,1,0,0,0.0011652193798562355
417,5,0,0,0.0002188686984768289
418,9,0,0,0.00010749021406776054
419,6,0,0,0.0002095686857421911
420,1,0,0,0.004807265171171291
421,5,0,0,0.006530995217624807
422,3,0,0,4.7618975751293055e-05
423,4,0,0,0.00044532041371785384
424,0,0,0,4.4311794684484236e-05
425,7,0,0,3.7628364918790206e-05
426,0,0,0,2.1484668337724945e-05
427,1,0,0,2.235006535907544e-05
428,0,0,0,3.54393548235015e-05
429,6,0,0,5.6691814730277685e-05
430,3,0,0,0.07658610202789258
431,1,0,0,0.0012577567263187903
432,8,0,0,0.08068183987927965
433,6,0,0,0.0007369043589213189
434,6,0,0,0.0005758683361113238
435,1,0,0,3.95890819528315e-05
436,7,0,0,0.00012571597532023973
437,9,0,0,9.599177486410608e-05
438,5,0,0,0.0005986758073378088
439,4,0,0,0.00010736206095774419
440,6,0,0,3.9039927889022945e-05
441,7,0,0,0.00023321558118241905
442,9,0,0,0.0007113248556922684
443,6,0,0,0.0016020909655929867
444,5,0,0,0.0019880176404578403
445,0,0,0,0.005723196328579092
446,4,0,0,0.007639317050577171
447,8,0,0,0.001697573382523076
448,1,0,0,0.0023178817010315886
449,8,0,0,0.00017229267432298468
450,9,0,0,0.0476885901486042
451,5,0,0,0.0006089614096244911
452,8,0,0,0.0001406489243393272
453,0,0,0,3.9303247624371196e-05
454,9,0,0,6.029317786020137e-05
455,1,0,0,5.027220090743302e-05
456,2,0,0,4.289325378398992e-05
457,4,0,0,0.000774890115217846
458,2,0,0,2.9743259254109876e-05
459,4,0,0,0.0012329806288280897
460,5,0,0,2.6660213151905623e-05
461,9,0,0,5.893206446390792e-05
462,5,0,0,2.575690909004809e-05
463,9,0,0,6.681638182278654e-05
464,2,0,0,0.011904416009008914
465,8,0,0,0.11457958857960542
466,9,0,0,0.02817334925512639
467,1,0,0,0.016494437938645256
468,6,0,0,0.00022360072429312088
469,9,0,0,0.003605863811500911
470,8,0,0,0.006903067624346558
471,7,0,0,0.002100106009415206
472,5,0,0,0.006989369032985337
473,9,0,0,0.005464324523665663
474,3,0,0,0.00011010442560003353
475,5,0,0,0.00045504084803514534
476,8,0,0,0.005750346720279879
477,4,0,0,0.002563651566018086
478,8,0,0,0.002238565750111975
479,7,0,0,3.463514523757206e-05
480,2,0,0,0.23712843796557212
481,1,0,0,0.08257821304467754
482,9,0,0,4.882549883907383e-05
483,3,1,1,0.9998620228150894
484,9,1,1,0.9980677049489287
485,7,1,1,0.9999469317335112
486,0,1,1,0.6851646638756617
487,3,1,1,0.9999607763939329
488,1,1,1,0.9850486510906148
489,2,1,1,0.9986494173487124
490,6,1,1,0.9614541106630041
491,6,1,1,0.9806150203009709
492,0,1,1,0.9938071684949106
493,3,1,1,0.994721506499469
494,9,1,1,0.9992009821559481
495,0,1,1,0.9648494218338641
496,0,1,1,0.9946329155507939
497,9,1,1,0.9890689740551991
498,2,1,1,0.995198318115901
499,5,1,1,0.9961637569458196
500,9,1,1,0.9918739597916761
501,2,1,1,0.7510229730365852
502,8,0,0,0.12937215685852924
503,1,0,0,0.07049470700404006
504,6,0,0,0.15234378995411205
505,1,0,0,0.015059762172961325
506,3,0,0,0.05031885511242458
507,0,0,0,0.04369710875597547
508,5,0,0,0.053959840496617804
509,2,0,0,0.025955724923209734
510,3,0,0,0.1269753743044846
511,4,0,0,0.02715748092076626
512,4,0,1,0.8771434476917417
513,4,0,0,0.027225319527852815
514,6,0,0,0.012956824399014405
515,4,0,0,0.011689273416525148
516,6,0,0,0.16164372481923803
517,5,0,0,0.020565933091952194
518,4,0,0,0.04601029327892433
519,3,0,0,0.4132539646604032
520,7,0,0,0.02967307750279638
521,6,0,0,0.06232366218016916
522,1,0,0,0.04837535529491657
523,2,1,1,0.9778076321783263
524,9,0,0,0.035494513393767996
525,0,0,0,0.022622932053622043
526,6,0,0,0.042748067645350454
527,7,0,0,0.04319770642179318
528,2,0,0,0.007072893857959827
529,3,1,1,0.9323845535009667
530,7,0,0,0.051826861873381126
531,3,0,0,0.00905781739433225
532,1,0,0,0.00013179208787902772
533,4,0,0,0.05991348072293594
534,6,0,0,7.555824923242304e-05
535,3,0,0,7.823138482924774e-05
536,3,0,0,0.002124988054595096
537,7,0,0,0.2235787408904255
538,9,0,0,0.004351578340875202
539,8,1,1,0.9973209468644466
540,4,0,0,0.003234601233072649
541,6,1,1,0.9907269981026214
542,5,0,0,0.00025263687001988566
543,7,1,1,0.993661105740738
544,7,1,1,0.8457613712791698
545,7,1,1,0.9081180160909245
546,9,0,0,0.3178236956001548
547,1,0,0,0.07766230244459169
548,3,1,1,0.9993788879769987
549,2,0,0,4.0304369486991796e-05
550,3,0,0,0.008097221229820827
551,5,1,1,0.9811526235025811
552,8,1,1,0.9975273151582517
553,9,0,0,5.5354545266964256e-05
554,7,0,0,0.010545472000487836
555,1,0,0,0.0030666280826535755
556,1,0,0,0.0013299015994493746
557,3,1,1,0.9995037611817867
558,8,1,1,0.9972705568638137
559,7,0,0,0.0001979440028356476
560,0,0,0,0.0008538480503889216
561,5,1,1,0.98175866447335
562,9,1,1,0.9845651354083881
563,4,1,1,0.9851838966393233
564,4,0,0,2.311671841528072e-05
565,9,0,0,3.958069920968052e-05
566,3,0,0,0.0012279779046940667
567,2,0,0,0.0005482811294796596
568,2,1,1,0.9749730700258672
569,7,0,0,5.062541381453526e-05
570,4,1,1,0.9911397941953007
571,0,0,0,2.04554003206541e-05
572,7,0,0,4.9912618281982475e-05
573,5,0,0,0.0005395568371044434
574,1,0,0,3.6468024389709243e-05
575,1,0,0,0.00014203372343161899
576,3,1,1,0.9752525426431745
577,7,0,0,0.000630135011821869
578,1,0,0,2.4097632259033638e-05
579,2,0,0,2.9006966538012176e-05
580,8,0,0,0.0016809633327877383
581,0,0,0,0.0023104329947841165
582,7,1,1,0.9949425495520122
583,9,0,0,4.826545218980087e-05
584,3,1,1,0.9971307837077769
585,7,0,0,0.01842114073705476
586,7,0,0,7.06952218904085e-05
587,8,0,0,0.0012615385888587708
588,5,0,0,2.6307695486427527e-05
589,9,0,0,0.1121149381001749
590,0,0,0,0.001047176816217191
591,4,1,1,0.9995537091151124
592,4,0,0,3.5711101605021696e-05
593,5,1,1,0.9999554126796639
594,5,0,0,2.9659847925984223e-05
595,5,0,0,0.00012891900210028969
596,8,0,0,6.215918310190916e-05
597,1,0,0,6.022907826142603e-05
598,1,0,0,0.001191240487702776
599,9,0,0,0.0004421654097596352
600,9,0,0,0.005320160254182145
601,4,0,0,2.5275094835872314e-05
602,4,0,0,0.00015650054923337973
603,8,0,0,5.9605227136312914e-05
604,7,0,0,0.03544509946711425
605,0,0,0,0.00016518215865244856
606,4,0,0,0.00014631648784998154
607,9,0,0,3.616859784190867e-05
608,3,0,0,0.0011061649200527022
609,9,0,0,0.23109837843681377
610,3,0,0,5.622680620595989e-05
611,9,0,0,8.987934587611566e-05
612,2,0,0,3.6241077398001976e-05
613,0,0,0,0.0009587401906049665
614,1,1,1,0.9994802596841094
615,7,0,0,3.4691925802744495e-05
616,9,0,0,0.00042729946161385626
617,1,0,0,4.061012412953109e-05
618,0,0,0,7.632283030065935e-05
619,8,0,0,0.028682615434611473
620,3,0,0,0.0002696792656574326
621,3,0,0,0.012712223214127724
622,4,0,0,4.0674384759955014e-05
623,4,0,0,0.12936243460083793
624,0,0,0,2.735115949945302e-05
625,6,1,1,0.9993497467446829
626,6,0,0,0.002787018146958159
627,7,0,0,0.0008332016296023776
628,4,0,0,0.0009137244119833035
629,3,1,1,0.9781930521927068
630,2,0,0,0.0038322740545276416
631,3,0,0,0.0014393658804176303
632,5,0,0,0.0016683627595950323
633,1,0,0,0.0007355402526314418
634,5,0,0,0.00953451318743163
635,9,0,0,2.920928646398485e-05
636,9,0,0,0.08019838624063294
637,4,1,1,0.9999722060492328
638,0,0,0,0.00044819178824802454
639,8,0,0,0.0008538973866110782
640,9,0,0,0.0009564876262766687
641,3,0,0,0.002096467946435736
642,6,0,0,0.03949427354597866
643,6,0,0,0.005378158634466915
644,3,0,0,4.967691903334848e-05
645,9,0,0,0.003848501972462652
646,2,0,0,4.161871173409047e-05
647,2,0,0,2.2188604370549007e-05
648,6,0,0,7.411337172668473e-05
649,5,0,0,0.00017823798632361562
650,8,0,0,0.005851218376652515
651,3,0,0,0.0004900119276098555
652,0,0,0,0.00020846313507264284
653,9,0,0,0.08382671901796426
654,4,1,1,0.9978383114770653
655,7,0,0,0.12145050394298607
656,0,0,0,0.10772226931914983
657,2,0,0,0.031904443485361124
658,4,0,0,0.0014625269886634617
659,8,0,0,8.170760767246735e-05
660,1,0,0,3.399496962859698e-05
661,9,0,0,0.01674865629315173
662,2,0,0,0.0006867690521931627
663,7,0,0,0.002666579398505832
664,1,0,0,3.404822016013758e-05
665,0,0,0,0.005391891347292987
666,7,0,0,0.009065813374029145
667,2,0,0,0.000723915911801126
668,1,1,1,0.9974390324899982
669,5,0,0,0.04766308647053933
670,6,0,0,0.01658904219927902
671,5,0,0,0.02736100810442437
672,7,0,0,0.0035286612299194565
673,3,0,0,0.025862908337842667
674,3,0,0,0.005880571155790974
675,4,0,0,0.0009574707962799452
676,9,0,0,0.00016773717826711892
677,6,0,0,0.018344062744493694
678,6,1,1,0.999894404206664
679,8,0,0,4.199874390186128e-05
680,6,0,0,4.054025872870011e-05
681,8,0,0,2.7430589589476192e-05
682,3,0,0,0.0011372746984072437
683,5,1,1,0.9938355139736759
684,5,0,0,3.690127579916983e-05
685,0,0,0,0.0009323019632983216
686,5,0,0,3.5254675250875734e-05
687,7,0,0,0.00010880287407997923
688,7,0,0,0.0004985462726099682
689,2,0,0,0.007079096231957743
690,4,0,0,0.015177047282371056
691,4,1,1,0.9999703456377734
692,8,0,0,0.004726534082830943
693,9,0,0,0.004201204066039929
694,5,0,0,0.001834575016797156
695,6,0,0,6.11710615818095e-05
696,3,0,0,0.0003232867539411086
697,3,0,0,0.01134232357721873
698,2,0,0,0.0005173630101610515
699,2,1,1,0.9974468358727349
700,6,1,1,0.9999608194136222
701,3,0,0,0.008553434311123645
702,1,0,0,3.273472886216007e-05
703,2,0,0,1.7190896946952563e-05
704,7,0,0,0.0001151995674942467
705,7,0,0,5.7400314002497695e-05
706,1,0,0,0.003488070686568022
707,1,0,0,4.459433651450149e-05
708,5,0,0,0.014863235586901846
709,8,0,0,0.0001226732568273218
710,7,0,0,8.710894519700045e-05
711,2,0,0,4.493883430848774e-05
712,7,0,0,0.003751727540883264
713,8,0,0,0.00012864605249579916
714,5,1,1,0.9994913553703647
715,7,1,1,0.9450417674188264
716,4,0,0,0.1401978758110423
717,5,0,0,0.020868593914262195
718,0,0,0,0.09016710962437054
719,5,0,0,0.01528622798795479
720,6,0,0,0.044598813022310606
721,6,0,0,0.0006473215591891025
722,0,0,0,0.00280694403744875
723,9,0,0,0.0005133693132011276
724,2,0,0,0.02054581294301001
725,6,0,0,0.0006545535857826497
726,1,0,0,0.00012126663468287643
727,8,0,0,0.0005441737008848501
728,7,0,0,0.0033899376586591055
729,1,0,0,0.0007258066053903484
730,2,0,0,0.000626598544806045
731,2,0,0,0.00028129469547649835
732,8,0,1,0.7546316720816099
733,5,0,0,0.004662574734328855
734,3,0,0,6.254069559684928e-05
735,0,0,0,2.261551315580138e-05
736,1,0,0,0.00012953037230255322
737,4,0,0,6.432008191794473e-05
738,8,0,0,0.005208610565730182
739,4,0,0,0.0010941331792389372
740,7,0,0,0.002190056393773454
741,7,0,0,0.0035742522427928596
742,8,0,0,0.025031293992192477
743,5,0,0,0.0054412351622691426
744,7,0,0,0.03300994105088627
745,4,0,0,5.899827860760691e-05
746,6,0,0,0.00012035401250053929
747,2,0,0,2.9175021400622195e-05
748,0,0,0,0.08065903538557943
749,7,0,0,0.00030049193589762313
750,2,0,0,0.0003065553246205216
751,5,0,0,0.001008192843478611
752,2,0,0,0.0002171185371168082
753,8,1,1,0.9362093899999117
754,9,0,0,8.359029736609616e-05
755,2,0,0,0.0031591155205835863
756,7,0,0,0.015336430733581851
757,3,0,1,0.5336448030950696
758,9,0,0,0.016652267793882493
759,7,0,0,0.0019408688630720866
760,1,0,0,0.0009552084668971906
761,0,0,0,0.0009908414730034928
762,3,0,0,0.00016931863281427484
763,3,0,0,0.0026104927746595295
764,2,0,0,0.00027711736793838853
765,1,0,0,0.00757300245687777
766,9,0,0,0.0011090886568782383
767,5,0,0,0.030790678207210757
768,2,0,0,0.007897608025641368
769,0,0,0,0.017502202286439787
770,1,0,0,0.17116616210156962
771,0,0,0,0.041128080954630684
772,8,0,0,0.36801549114862375
773,8,0,0,0.412241309898027
774,2,0,0,0.005051715602090308
775,8,0,0,0.0010156977771145245
776,9,1,1,0.9999126330348259
777,6,0,0,0.0003474129128890579
778,6,0,0,0.005562979785246976
779,0,0,0,0.008377336650259698
780,8,0,0,0.004260930081688423
781,8,0,0,0.0007961599793323435
782,9,0,0,7.073202192058592e-05
783,2,0,0,4.859177385094093e-05
784,5,0,0,0.0023703513116599788
785,7,0,0,9.897321523751357e-05
786,8,0,0,0.1735962251346558
787,5,0,0,0.0001059011112480994
788,6,0,0,0.0001922900156238467
789,3,0,0,0.0009559844352105221
790,1,0,0,0.0005008569882592397
791,3,0,0,0.00013270879967444013
792,6,0,0,0.006801732677230698
793,5,0,0,0.0009119928943520418
794,2,0,0,6.93234046991781e-05
795,0,0,0,0.005604783365574014
796,9,0,0,0.058242723305433994
797,4,0,0,0.031659626481671074
798,8,0,0,0.07252028024294814
799,0,0,0,0.0005793620604447927
800,3,0,0,9.779041682531288e-05
801,3,0,0,0.020375754099976304
802,3,0,0,0.0005130866213180676
803,7,0,0,9.404129200924793e-05
804,5,0,0,0.278522086295537
805,0,0,0,4.724907558042614e-05
806,2,0,0,0.008834204325041081
807,1,0,0,0.0013297613741364708
808,7,0,0,0.003181381864694556
809,1,0,0,0.0004742004924398438
810,2,0,0,6.651839726044489e-05
811,6,0,0,0.012439747285784928
812,5,0,0,0.005158618853051923
813,3,0,0,0.26456737087737975
814,5,0,0,0.0006580578367261343
815,5,0,0,0.0017214896303767043
816,5,0,0,0.06922789800505627
817,1,0,0,0.004679151362290926
818,7,0,0,0.00019719205336451626
819,8,0,0,0.0002566600019695567
820,7,0,0,0.0010157721512938354
821,2,0,0,5.161609890772732e-05
822,8,0,0,0.01093661666550484
823,1,0,0,0.00027507606414387773
824,5,0,0,0.004941864735149126
825,8,0,0,7.396027550724159e-05
826,8,0,0,0.26276718034801216
827,1,0,0,0.0005149219798139461
828,0,0,0,5.7645297377471905e-05
829,7,0,0,7.371768763458306e-05
830,7,1,1,0.9998178243890102
831,5,1,1,0.9999758539645122
832,7,1,1,0.9997579087414848
833,5,1,1,0.9835748936115539
834,0,1,1,0.9999802384037444
835,2,1,1,0.9927776990985903
836,7,1,1,0.9995604983832885
837,8,1,1,0.9999714279547363
838,5,1,1,0.9999783253103006
839,5,1,1,0.9886290601264625
840,1,1,1,0.9981783213156261
841,2,1,1,0.9995648462542807
842,4,1,1,0.9994594405828241
843,4,1,1,0.9983083615895112
844,0,1,1,0.9910748112843386
845,7,1,1,0.6336699317296717
846,6,1,1,0.9969066208491627
847,3,1,1,0.9914628168396158
848,3,1,1,0.9781930521927068
849,3,1,1,0.999961070809715
850,3,1,1,0.9979496161156293
851,0,1,1,0.9996965848765189
852,5,1,1,0.9838982789004996
853,2,1,1,0.9341693646737499
854,1,1,1,0.9977707364603432
855,0,1,1,0.9990893924525747
856,6,1,1,0.9784404113282802
857,3,1,1,0.986012011719113
858,9,1,1,0.9978797442061047
859,8,1,1,0.9894131715321711
860,4,1,1,0.988552995324292
861,8,1,1,0.9710858987563931
862,4,1,1,0.8786913272092711
863,8,1,1,0.9986634773812971
864,4,1,1,0.9757766719065912
865,1,1,1,0.9713824900948737
866,6,1,1,0.9999803118763264
867,3,1,1,0.5788809493148076
868,4,1,1,0.999540989385389
869,3,1,1,0.9995468146578951
870,0,1,1,0.9999809988065762
871,1,1,1,0.9781918664541746
872,9,1,1,0.9999784756488435
873,1,1,1,0.9969176517137548
874,8,1,1,0.9999744932499629
875,2,1,1,0.9797681884612688
876,7,1,1,0.9926995495133104
877,2,1,1,0.9942644139076563
878,3,1,1,0.9821262296307974
879,7,1,1,0.9248406539994306
880,7,1,1,0.8956757865642535
881,5,1,1,0.9390131070292369
882,2,1,1,0.999973550789764
883,6,1,1,0.9824477792012474
884,1,1,1,0.9981873972499749
885,0,1,1,0.9923377322394336
886,0,1,1,0.9999771409348467
887,3,0,0,0.010355718455390307
888,3,1,1,0.9994310886704815
889,4,0,0,0.0008425444414388011
890,8,0,0,0.00010600102452455805
891,0,0,0,4.3759715396253066e-05
892,5,0,0,4.901665809491211e-05
893,9,0,0,6.792897828028984e-05
894,2,1,1,0.9832134911849048
895,7,0,0,6.837940595841202e-05
896,0,0,0,6.24083168806659e-05
897,2,0,0,3.040471615491194e-05
898,5,0,0,0.00011504248471269195
899,8,0,0,0.0008345839370125236
900,3,0,0,4.102699400756885e-05
901,8,0,0,2.7604615830918858e-05
902,6,0,0,0.00029736901020134527
903,3,1,1,0.9817948115100968
904,7,0,0,0.00015983811494165242
905,5,0,0,0.000925959678839452
906,9,0,0,0.0001036571801586794
907,6,0,0,0.00016668825700875292
908,2,0,0,6.637076551470819e-05
909,7,0,0,0.00012915028628183206
910,3,0,0,4.0303066509738374e-05
911,4,0,0,4.583549226177325e-05
912,0,0,0,0.0009108765207374497
913,4,1,1,0.9995625162609449
914,7,0,0,0.0005850624787082229
915,4,0,0,5.4389945783677765e-05
916,8,0,0,4.63788485062772e-05
917,6,0,0,3.816005841990302e-05
918,9,0,0,6.31744031946284e-05
919,3,0,0,2.799772762386609e-05
920,2,0,0,0.00012447512264484171
921,3,1,1,0.9999697760380238
922,1,1,1,0.9999008061824647
923,1,0,0,5.955405020467749e-05
924,7,0,0,0.00022708002036039664
925,0,0,0,0.0004807553366196241
926,5,0,0,0.0004610598792424794
927,3,0,0,2.4023773944809984e-05
928,4,0,0,0.002501000358220707
929,8,0,0,0.014582701530199648
930,7,0,0,0.005066056358920984
931,4,0,0,3.493327207890018e-05
932,6,0,0,0.0008394460292062544
933,5,1,1,0.9998875933560765
934,6,0,0,2.005527774470803e-05
935,6,1,1,0.9985872649605934
936,5,1,1,0.9999792710596666
937,6,1,1,0.9998998644436521
938,9,1,1,0.9999367865915806
939,7,1,1,0.9995543625456186
940,7,1,1,0.9999481629842908
941,3,0,0,4.759419322085965e-05
942,2,0,0,6.427946773822616e-05
943,6,0,0,5.537671275945116e-05
944,1,0,0,0.00013084741661536478
945,0,0,0,3.2100283678434666e-05
946,2,1,1,0.9925733218321445
947,3,1,1,0.9992300521977462
948,7,1,1,0.9999707846310593
949,5,1,1,0.998915439396532
950,0,0,0,2.2766214283609393e-05
951,3,0,0,4.5017651389179805e-05
952,4,0,0,0.0004322914547827096
953,1,0,0,3.3350065863933384e-05
954,6,0,0,0.0005735441717843617
955,9,0,0,8.702150919441692e-05
956,4,1,1,0.9930702799497961
957,8,1,1,0.9999865981041307
958,4,1,1,0.9998580490001461
959,2,1,1,0.9590082473919939
960,2,0,0,1.2616393394504727e-05
961,8,1,1,0.9830594669730246
962,5,1,1,0.976336651299215
963,6,1,1,0.9794154049810796
964,8,1,1,0.9809740627084945
965,5,1,1,0.9986553784948701
966,7,1,1,0.9468221306437172
967,8,1,1,0.9864467692414172
968,7,1,1,0.9991392724588095
969,8,1,1,0.9452028276600091
970,2,1,1,0.8501157052648306
971,3,1,1,0.9078676308006275
972,8,1,1,0.9403741768485938
973,6,1,1,0.9597875762308903
974,6,1,1,0.9586585664180559
975,9,1,1,0.986938089861827
976,7,1,1,0.9884157439205559
977,4,1,1,0.9698190817066379
978,6,1,1,0.940182183306904
979,3,1,1,0.9313459473370236
980,2,1,1,0.9813144117465054
981,4,1,1,0.940747600108546
982,5,1,1,0.9066157513958395
983,4,1,1,0.7932067546137495
984,2,1,1,0.9141438617483464
985,2,1,1,0.9951681925825634
986,6,1,1,0.8945276770551042
987,4,1,1,0.990484729243683
988,8,1,1,0.9947159805886592
989,6,1,1,0.9907520807448182
990,2,1,1,0.956542028637038
991,6,1,1,0.9723712226116369
992,8,1,1,0.9718907560175758
993,2,1,1,0.9572586695560744
994,7,1,1,0.9407983458786993
995,6,1,1,0.8399490164497871
996,2,1,1,0.9018939515011575
997,7,1,1,0.9218446206436353
998,0,1,1,0.9937812801165169
999,9,1,1,0.9853524628793469
1000,1,1,1,0.9814413361537285
1001,6,1,1,0.9965647774879542
1002,1,1,1,0.9872357930869147
1003,5,1,1,0.9193816167068519
1004,3,1,1,0.960551718809971
1005,3,1,1,0.9918185992701947
1006,0,1,1,0.9865752972930487
1007,0,1,1,0.9995631857321696
1008,0,1,1,0.9871480955865228
1009,3,1,1,0.9933219704567682
1010,3,1,1,0.9589190443237878
1011,7,1,1,0.9804682774965533
1012,6,1,1,0.899544602025917
1013,4,1,1,0.9749068941228535
1014,2,1,1,0.9799450554175451
1015,1,1,1,0.794042772588534
1016,5,1,1,0.8980363946305898
1017,7,1,1,0.9721266179326239
1018,7,1,1,0.9995602423946937
1019,3,1,1,0.9989872209124172
1020,0,1,1,0.9644412864496014
1021,7,1,1,0.8108457246599503
1022,4,1,1,0.8979585996798981
1023,6,1,1,0.9592949338196906
1024,5,1,1,0.9983413149191026
1025,8,1,1,0.9743024420554134
1026,0,1,1,0.9959785253585242
1027,5,1,1,0.9244654927752782
1028,9,1,1,0.9901834299883294
1029,2,1,1,0.9992456151092602
1030,4,1,1,0.9968939169037773
1031,8,1,1,0.9970536036143223
1032,4,1,1,0.9731669561795803
1033,3,1,1,0.9434996601246908
1034,2,1,1,0.966580534033552
1035,6,1,1,0.7396451664835954
1036,4,1,1,0.604511014335975
1037,1,1,1,0.5462715317908649
1038,1,1,1,0.9545217890581851
1039,0,1,1,0.9555916873063183
1040,5,1,1,0.915977368041775
1041,7,1,1,0.9569043151240628
1042,4,1,1,0.9725313866164681
1043,8,1,1,0.9946275481735615
1044,0,1,0,0.3675192162155328
1045,9,1,1,0.9822751459883333
1046,4,1,1,0.9890147451882874
1047,5,1,1,0.9972047951785395
1048,6,1,1,0.9947563138642261
1049,3,1,1,0.9643154016483477
1050,8,1,1,0.9478202000436697
1051,2,1,1,0.9789134755593322
1052,1,1,1,0.9776792826052787
1053,2,1,1,0.9797097437935234
1054,2,1,1,0.9932852159127046
1055,9,1,1,0.9970743962373104
1056,0,1,1,0.9564165879672419
1057,7,1,1,0.9421668151598933
1058,9,1,1,0.9925777436930201
1059,1,1,1,0.9990526929262865
1060,6,1,1,0.9874141526575002
1061,0,1,1,0.9985754517382587
1062,3,1,1,0.9991301336671785
1063,0,1,1,0.9868342420891633
1064,9,1,1,0.9900833438447743
1065,8,1,1,0.983210675605892
1066,4,1,1,0.9934861701360305
1067,5,1,1,0.9946036562677698
1068,8,1,1,0.9871303379610191
1069,8,1,1,0.9918266837135181
1070,7,1,1,0.9966125316955903
1071,5,1,1,0.9844665598370996
1072,4,1,1,0.9752299425844158
1073,4,1,1,0.9781315057284161
1074,6,1,1,0.977209276189402
1075,9,1,1,0.9596143608764611
1076,5,1,1,0.9865715306650706
1077,9,1,1,0.9962130554514583
1078,9,1,1,0.9994720054563858
1079,6,1,1,0.9978803419423661
1080,7,1,1,0.9892975255528201
1081,5,1,1,0.9624165935792967
1082,4,1,1,0.9591327800272188
1083,3,1,1,0.9979726420251751
1084,0,1,1,0.9963271291320325
1085,4,1,1,0.9953120899022995
1086,4,1,1,0.9475253767039478
1087,6,1,1,0.9785087007901773
1088,5,1,1,0.9742049837672544
1089,2,1,1,0.9680583062714299
1090,1,1,1,0.9511660301684433
1091,8,1,1,0.9711523139216902
1092,0,1,1,0.9887545002813873
1093,8,1,1,0.9943833488947437
1094,9,1,1,0.993841524331464
1095,1,1,1,0.995631749542871
1096,1,1,1,0.976488361387398
1097,4,1,1,0.9850563243009354
1098,0,1,1,0.9857531114410628
1099,5,1,1,0.9511632670991004
1100,7,1,1,0.9853759866709593
1101,1,1,1,0.9793436327087341
1102,7,1,1,0.9113619218139697
1103,9,1,1,0.9232568440849345
1104,1,1,1,0.9010946420832939
1105,7,1,1,0.9599646675277018
1106,5,1,1,0.9435380112230597
1107,5,1,1,0.9427292099590563
1108,0,1,1,0.9778483431963441
1109,6,1,1,0.9608854278762557
1110,1,1,1,0.9798362774749265
1111,8,1,1,0.9921567462808119
1112,5,1,1,0.9672546984533101
1113,3,1,1,0.9625143493685495
1114,7,1,1,0.9266803940395028
1115,9,1,1,0.9706719277947308
1116,2,1,1,0.9477415641756055
1117,6,1,1,0.9751203017944918
1118,9,1,1,0.9852061520882576
1119,6,1,1,0.9813191724754056
1120,5,1,1,0.9877393090529416
1121,1,1,1,0.9998675037407685
1122,7,1,1,0.9936307739209445
1123,1,1,1,0.992121922874276
1124,3,1,1,0.9994313650175158
1125,4,1,1,0.988439685935786
1126,9,1,1,0.9921045477932596
1127,3,1,1,0.9989312956479836
1128,3,1,1,0.984395562982027
1129,1,1,1,0.994273559064823
1130,1,1,1,0.9816139858583608
1131,7,1,1,0.9943520816097766
1132,5,1,1,0.986963638896279
1133,5,1,1,0.9791281849358858
1134,0,1,1,0.9957975717595431
1135,6,1,1,0.9912140905146061
1136,3,1,1,0.9856401318781269
1137,5,1,1,0.9887808946105014
1138,4,1,1,0.923362611062086
1139,8,1,1,0.8995440600184365
1140,6,1,1,0.8242756474155184
1141,8,1,1,0.9161404644418358
1142,7,1,1,0.9493023145126083
1143,5,1,1,0.8887597152914658
1144,6,1,1,0.5385575976386188
1145,3,1,1,0.9718053820920909
1146,2,1,1,0.9673500500394248
1147,3,1,1,0.9671533949338784
1148,7,1,1,0.9733460974455985
1149,2,1,1,0.976623633820987
1150,8,1,1,0.9793130886458432
1151,1,1,1,0.9724043200933654
1152,7,1,1,0.8713660191122333
1153,4,1,1,0.8979179912448402
1154,2,1,1,0.8785867068298666
1155,9,1,0,0.38708353927116923
1156,0,1,1,0.9605249565017713
1157,4,1,1,0.9775354139621278
1158,1,1,1,0.8971081332371034
1159,2,1,1,0.9331823463172771
1160,5,1,1,0.9354613936194965
1161,7,1,1,0.8400020664499953
1162,9,1,1,0.9572036255317726
1163,2,1,1,0.856103268255786
